{
  "main": {
    "id": "c97011509ae27711",
    "type": "split",
    "children": [
      {
        "id": "fc6cd46e3ddb29e7",
        "type": "tabs",
        "children": [
          {
            "id": "94832697ca5175b0",
            "type": "leaf",
            "state": {
              "type": "markdown",
              "state": {
                "file": "z.Templates/Map of Concepts.md",
                "mode": "source",
                "source": false
              }
            }
          }
        ]
      }
    ],
    "direction": "vertical"
  },
  "left": {
    "id": "a1b0e0dc0b82db2f",
    "type": "split",
    "children": [
      {
        "id": "cbee7fc62bd97e5b",
        "type": "tabs",
        "children": [
          {
            "id": "1679a7396433e904",
            "type": "leaf",
            "state": {
              "type": "file-explorer",
              "state": {
                "sortOrder": "alphabetical"
              }
            }
          },
          {
            "id": "14cfe7f34cd2c5ed",
            "type": "leaf",
            "state": {
              "type": "search",
              "state": {
                "query": "",
                "matchingCase": false,
                "explainSearch": false,
                "collapseAll": false,
                "extraContext": false,
                "sortOrder": "alphabetical"
              }
            }
          },
          {
            "id": "6b81322e00f95c8b",
            "type": "leaf",
            "state": {
              "type": "starred",
              "state": {}
            }
          },
          {
            "id": "41dc8faefa38896a",
            "type": "leaf",
            "state": {
              "type": "bookmarks",
              "state": {}
            }
          }
        ]
      }
    ],
    "direction": "horizontal",
    "width": 300
  },
  "right": {
    "id": "5eec7bdf5bb7ec79",
    "type": "split",
    "children": [
      {
        "id": "5994b43e3eb1828a",
        "type": "tabs",
        "children": [
          {
            "id": "fbe061f56a6159be",
            "type": "leaf",
            "state": {
              "type": "backlink",
              "state": {
                "file": "z.Templates/Map of Concepts.md",
                "collapseAll": false,
                "extraContext": false,
                "sortOrder": "alphabetical",
                "showSearch": false,
                "searchQuery": "",
                "backlinkCollapsed": false,
                "unlinkedCollapsed": true
              }
            }
          },
          {
            "id": "9e6c0def68a81c45",
            "type": "leaf",
            "state": {
              "type": "outgoing-link",
              "state": {
                "file": "z.Templates/Map of Concepts.md",
                "linksCollapsed": false,
                "unlinkedCollapsed": true
              }
            }
          },
          {
            "id": "b49a7f7108bb3db8",
            "type": "leaf",
            "state": {
              "type": "tag",
              "state": {
                "sortOrder": "frequency",
                "useHierarchy": true
              }
            }
          },
          {
            "id": "e2b79412a04d4a04",
            "type": "leaf",
            "state": {
              "type": "outline",
              "state": {
                "file": "z.Templates/Map of Concepts.md"
              }
            }
          }
        ]
      }
    ],
    "direction": "horizontal",
    "width": 300,
    "collapsed": true
  },
  "left-ribbon": {
    "hiddenItems": {
      "switcher:Open quick switcher": false,
      "graph:Open graph view": false,
      "canvas:Create new canvas": false,
      "daily-notes:Open today's daily note": false,
      "templates:Insert template": false,
      "command-palette:Open command palette": false
    }
  },
  "active": "94832697ca5175b0",
  "lastOpenFiles": [
    "z.Templates/Lit_Note.md",
    "z.Templates/Paper-Draft.md",
    "z.Templates/Map of Concepts.md",
    "01.Literature-Notes/airapeteanInternationalLegalFramework.md",
    "01.Literature-Notes/amon2023ExploringHeterogeneityFarmers.md",
    "01.Literature-Notes/golman2009GeneralBlottoGamesa.md",
    "Queries and Setup/Papers Summary - Lit Review Tool.md",
    "Queries and Setup/Citations from Outlines.md",
    "Daily Notes/2023-11-16.md",
    "Queries and Setup",
    "Queries and Setup/Productivity Tools.md",
    "Queries and Setup/Research Diary.md",
    "Queries and Setup/Workflow and Setup.md",
    "z.Templates/Daily_Notes.md",
    "01.Literature-Notes/hunt2023ReviewAttackerdefenderGames.md",
    "01.Literature-Notes/bakker2020MultiGameModelingCounterSmuggling.md",
    "00.Writings/Example Essay.md",
    "01.Ideas-Notes",
    "02.My-Notes",
    "00.Writings",
    "z.Templates/Other Options Zotero Import.md",
    "01.Literature-Notes/li2023DistributionallyRobustOptimization.md",
    "z.Images/li2023DistributionallyRobustOptimization/image-8-x36-y597.png",
    "z.Images/li2023DistributionallyRobustOptimization",
    "z.Templates/Literature_Note_Zotero2.md",
    "z.Templates/LitNote.md",
    "z.Attachments",
    "li2023DistributionallyRobustOptimization.md",
    "{{annotation.imageBaseName}}.md",
    "hunt2023ReviewAttackerdefenderGames.md",
    "akbarpour2020DesigningIntegratedPharmaceutical.md",
    "2023ReviewAttackerdefenderGames.md",
    "01.Literature Notes/2023ReviewAttackerdefenderGames.md",
    "99_Images/washburn1995TwoPersonZeroSumGames/image-9-x38-y34.png",
    "99_Images/washburn1995TwoPersonZeroSumGames/image-8-x41-y40.png",
    "99_Images/washburn1995TwoPersonZeroSumGames/image-7-x45-y44.png",
    "99_Images/washburn1995TwoPersonZeroSumGames",
    "Daily Notes",
    "99_Images/image-7-x45-y44.png",
    "99_Images/image-9-x38-y34.png",
    "99_Images/image-8-x41-y40.png",
    "01.Literature-Notes",
    "z.Images"
  ]
}