{
  "graph:open-local": [
    {
      "modifiers": [
        "Mod"
      ],
      "key": "g"
    }
  ],
  "graph:open": [
    {
      "modifiers": [
        "Mod",
        "Shift"
      ],
      "key": "g"
    }
  ],
  "editor:open-search-replace": [
    {
      "modifiers": [
        "Mod"
      ],
      "key": "f"
    }
  ],
  "editor:open-search": [],
  "app:delete-file": [
    {
      "modifiers": [
        "Mod",
        "Shift"
      ],
      "key": "Backspace"
    }
  ],
  "editor:swap-line-up": [
    {
      "modifiers": [
        "Alt"
      ],
      "key": "ArrowUp"
    }
  ],
  "editor:swap-line-down": [
    {
      "modifiers": [
        "Alt"
      ],
      "key": "ArrowDown"
    }
  ],
  "workspaces:load": [
    {
      "modifiers": [
        "Mod"
      ],
      "key": "Enter"
    }
  ],
  "workspace:split-vertical": [],
  "workspace:split-horizontal": [],
  "editor:toggle-completed": [
    {
      "modifiers": [
        "Ctrl"
      ],
      "key": " "
    }
  ],
  "switcher:open": [
    {
      "modifiers": [
        "Mod"
      ],
      "key": "O"
    }
  ],
  "editor:toggle-checklist-status": [
    {
      "modifiers": [
        "Ctrl"
      ],
      "key": "`"
    }
  ],
  "darlal-switcher-plus:switcher-plus:open": [],
  "note-refactor-obsidian:app:extract-selection-first-line": [
    {
      "modifiers": [
        "Alt",
        "Shift"
      ],
      "key": "C"
    }
  ],
  "cycle-through-panes:cycle-through-panes": [
    {
      "modifiers": [
        "Ctrl"
      ],
      "key": "Tab"
    }
  ],
  "smart-random-note:open-random-note": [],
  "smart-random-note:open-random-note-from-search": [
    {
      "modifiers": [
        "Mod",
        "Shift"
      ],
      "key": "o"
    }
  ],
  "daily-notes": [
    {
      "modifiers": [
        "Mod"
      ],
      "key": "t"
    }
  ],
  "daily-notes:goto-prev": [
    {
      "modifiers": [
        "Mod",
        "Shift"
      ],
      "key": "y"
    }
  ],
  "daily-notes:goto-next": [
    {
      "modifiers": [
        "Mod",
        "Shift"
      ],
      "key": "t"
    }
  ],
  "workbench-obsidian:workbench-embed-current-block": [
    {
      "modifiers": [
        "Alt"
      ],
      "key": "B"
    }
  ],
  "obsidian-day-planner:app:link-day-planner-to-note": [
    {
      "modifiers": [
        "Ctrl"
      ],
      "key": "p"
    }
  ],
  "editor:open-link-in-new-leaf": [
    {
      "modifiers": [
        "Alt",
        "Shift"
      ],
      "code": "Enter"
    }
  ],
  "editor:follow-link": [
    {
      "modifiers": [
        "Alt"
      ],
      "code": "Enter"
    }
  ],
  "table-editor-obsidian:table-control-bar": [],
  "obsidian-mind-map:app:markmap-preview": [
    {
      "modifiers": [
        "Alt"
      ],
      "key": "µ"
    }
  ],
  "obsidian-fullscreen-plugin:fullscreen-focus": [
    {
      "modifiers": [
        "Mod",
        "Shift"
      ],
      "key": "x"
    }
  ],
  "app:open-settings": [
    {
      "modifiers": [
        "Mod"
      ],
      "key": ","
    }
  ],
  "url-into-selection:paste-url-into-selection": [
    {
      "modifiers": [
        "Mod",
        "Shift"
      ],
      "code": "KeyV"
    }
  ],
  "backlink:open-backlinks": [],
  "review-obsidian:future-review-block": [
    {
      "modifiers": [
        "Alt"
      ],
      "key": "R"
    }
  ],
  "review-obsidian:future-review": [
    {
      "modifiers": [
        "Alt",
        "Shift"
      ],
      "key": "R"
    }
  ],
  "markdown:toggle-preview": [
    {
      "modifiers": [
        "Alt"
      ],
      "key": "P"
    }
  ],
  "note-refactor-obsidian:app:extract-selection-content-only": [
    {
      "modifiers": [
        "Alt"
      ],
      "key": "C"
    }
  ],
  "global-search:open": [
    {
      "modifiers": [
        "Mod",
        "Shift"
      ],
      "key": "F"
    }
  ],
  "vantage-obsidian:build-search": [],
  "periodic-notes:open-daily-note": [
    {
      "modifiers": [
        "Mod"
      ],
      "key": "T"
    }
  ],
  "periodic-notes:prev-daily-note": [
    {
      "modifiers": [
        "Mod",
        "Shift"
      ],
      "key": "Y"
    }
  ],
  "periodic-notes:next-daily-note": [
    {
      "modifiers": [
        "Mod",
        "Shift"
      ],
      "key": "T"
    }
  ],
  "templater-obsidian:replace-in-file-templater": [],
  "obsidian-spaced-repetition:note-review-easy": [
    {
      "modifiers": [
        "Mod"
      ],
      "key": "1"
    }
  ],
  "obsidian-spaced-repetition:note-review-hard": [
    {
      "modifiers": [
        "Mod"
      ],
      "key": "2"
    }
  ],
  "obsidian-spaced-repetition:note-review-open-note": [
    {
      "modifiers": [
        "Mod"
      ],
      "key": "3"
    }
  ],
  "supercharged-links-obsidian:fileClassAttr_options": [],
  "app:toggle-left-sidebar": [
    {
      "modifiers": [
        "Mod"
      ],
      "key": "R"
    }
  ],
  "app:toggle-right-sidebar": [
    {
      "modifiers": [
        "Mod"
      ],
      "key": "L"
    }
  ],
  "mrj-jump-to-link:activate-jump-to-anywhere": [
    {
      "modifiers": [
        "Mod"
      ],
      "key": ";"
    }
  ],
  "mrj-jump-to-link:activate-jump-to-link": [
    {
      "modifiers": [
        "Mod"
      ],
      "key": "'"
    }
  ],
  "pane-relief:go-1st": [
    {
      "modifiers": [
        "Mod"
      ],
      "key": "1"
    }
  ],
  "pane-relief:go-2nd": [
    {
      "modifiers": [
        "Mod"
      ],
      "key": "2"
    }
  ],
  "pane-relief:go-3rd": [
    {
      "modifiers": [
        "Mod"
      ],
      "key": "3"
    }
  ],
  "pane-relief:go-4th": [
    {
      "modifiers": [
        "Mod"
      ],
      "key": "4"
    }
  ],
  "pane-relief:go-5th": [
    {
      "modifiers": [
        "Mod"
      ],
      "key": "5"
    }
  ],
  "pane-relief:go-6th": [
    {
      "modifiers": [
        "Mod"
      ],
      "key": "6"
    }
  ],
  "pane-relief:go-7th": [
    {
      "modifiers": [
        "Mod"
      ],
      "key": "7"
    }
  ],
  "pane-relief:go-8th": [
    {
      "modifiers": [
        "Mod"
      ],
      "key": "8"
    }
  ],
  "pane-relief:go-last": [
    {
      "modifiers": [
        "Mod"
      ],
      "key": "9"
    }
  ],
  "command-palette:open": [
    {
      "modifiers": [
        "Mod"
      ],
      "key": "P"
    }
  ],
  "templater-obsidian:insert-templater": [
    {
      "modifiers": [
        "Mod",
        "Shift"
      ],
      "key": "I"
    }
  ],
  "obsidian-annotator:toggle-annotation-mode": [
    {
      "modifiers": [
        "Alt",
        "Shift"
      ],
      "key": "P"
    }
  ],
  "workspace:undo-close-pane": []
}